CREATE TABLE ACCOUNTPROPERTY(
    ID INT PRIMARY KEY,
    NAME VARCHAR2(20),
    PROFITRATE NUMERIC(10,2),
    GRACEPERIOD INT
);

CREATE TABLE ACCOUNT(
    ID INT PRIMARY KEY,
    NAME VARCHAR2(20),
    ACCCODE INT,
    OPENINGDATE DATE,
    LASTDATEINTEREST DATE,
    CONSTRAINT FK_ACCOUNT_ACCOUNTPROPERTY FOREIGN KEY(ACCCODE) REFERENCES ACCOUNTPROPERTY(ID)
);

CREATE TABLE TRANSACTION(
    TID INT PRIMARY KEY,
    ACCNO INT,
    AMOUNT NUMERIC(10,2),
    TRANSACTIONDATE DATE,
    CONSTRAINT FK_TRANSACTION_ACCNO FOREIGN KEY(ACCNO) REFERENCES ACCOUNT(ID)
);

CREATE TABLE BALANCE(
    ACCNO INT PRIMARY KEY,
    PRINCIPALAMOUNT NUMERIC(10,2),
    PROFIT NUMERIC(10,2),
    CONSTRAINT FK_BALANCE_ACCNO FOREIGN KEY(ACCNO) REFERENCES ACCOUNT(ID)
);


--Insertion
INSERT INTO ACCOUNTPROPERTY VALUES (1,'Savings',10,30);
INSERT INTO ACCOUNTPROPERTY VALUES (2,'Current',0,0);
INSERT INTO ACCOUNTPROPERTY VALUES (3,'Fixed Deposit',10,30);
INSERT INTO ACCOUNTPROPERTY VALUES (4,'Recurring Deposit',10,30);

INSERT INTO ACCOUNT VALUES (1,'MUKIT',1,'01-JAN-2010','01-FEB-2010');
INSERT INTO ACCOUNT VALUES (2,'RAHUL',2,'01-FEB-2010','01-MAR-2010');
INSERT INTO ACCOUNT VALUES (3,'RAJ',3,'01-MAR-2010','01-APR-2010');
INSERT INTO ACCOUNT VALUES (4,'RAJESH',4,'01-APR-2010','01-MAY-2010');
INSERT INTO ACCOUNT VALUES (5,'RAJU',1,'01-MAY-2010','01-JUN-2010');
INSERT INTO ACCOUNT VALUES (6,'MUAZESH',2,'01-JUN-2010','01-JUL-2010');

INSERT INTO TRANSACTION VALUES (1,1,1000,'01-JAN-2010');
INSERT INTO TRANSACTION VALUES (2,2,2000,'01-FEB-2010');
INSERT INTO TRANSACTION VALUES (3,3,3000,'01-MAR-2010');
INSERT INTO TRANSACTION VALUES (4,4,4000,'01-APR-2010');
INSERT INTO TRANSACTION VALUES (5,1,5000,'01-MAY-2010');
INSERT INTO TRANSACTION VALUES (6,2,6000,'01-JUN-2010');
INSERT INTO TRANSACTION VALUES (7,3,4500,'01-JUL-2010');
INSERT INTO TRANSACTION VALUES (8,4,8000,'01-AUG-2010');

INSERT INTO BALANCE VALUES (1,1000,100);
INSERT INTO BALANCE VALUES (2,2000,200);
INSERT INTO BALANCE VALUES (3,3000,150);
INSERT INTO BALANCE VALUES (4,4000,100);
INSERT INTO BALANCE VALUES (5,5000,250);
INSERT INTO BALANCE VALUES (6,6000,300);
INSERT INTO BALANCE VALUES (7,4500,200);